board,slug,image_path,pinterest_title,pinterest_description,target_url
Trending Baby Girl Names 2024,olivia,pinterest_queue/images/Trending_Baby_Girl_Names_2024/olivia.png,"Olivia — Girl Name Meaning, Popularity & Trends","Explore the name Olivia. See how popular it is, when it peaked, and what it means. Full popularity chart, decade rankings, and similar names on NameCharted. #babynames #girlnames #namemeaning",https://namecharted.com/name/olivia
Trending Baby Girl Names 2024,emma,pinterest_queue/images/Trending_Baby_Girl_Names_2024/emma.png,"Emma — Girl Name Meaning, Popularity & Trends","Explore the name Emma. See how popular it is, when it peaked, and what it means. Full popularity chart, decade rankings, and similar names on NameCharted. #babynames #girlnames #namemeaning",https://namecharted.com/name/emma
Trending Baby Girl Names 2024,amelia,pinterest_queue/images/Trending_Baby_Girl_Names_2024/amelia.png,"Amelia — Girl Name Meaning, Popularity & Trends","Explore the name Amelia. See how popular it is, when it peaked, and what it means. Origin: Germanic amal, 'work' or 'industrious'. Full popularity chart, decade rankings, and similar names on NameCharted. #babynames #girlnames #namemeaning",https://namecharted.com/name/amelia
Trending Baby Girl Names 2024,charlotte,pinterest_queue/images/Trending_Baby_Girl_Names_2024/charlotte.png,"Charlotte — Girl Name Meaning, Popularity & Trends","Explore the name Charlotte. See how popular it is, when it peaked, and what it means. Full popularity chart, decade rankings, and similar names on NameCharted. #babynames #girlnames #namemeaning",https://namecharted.com/name/charlotte
Trending Baby Girl Names 2024,mia,pinterest_queue/images/Trending_Baby_Girl_Names_2024/mia.png,"Mia — Girl Name Meaning, Popularity & Trends","Explore the name Mia. See how popular it is, when it peaked, and what it means. Full popularity chart, decade rankings, and similar names on NameCharted. #babynames #girlnames #namemeaning",https://namecharted.com/name/mia
Trending Baby Girl Names 2024,sophia,pinterest_queue/images/Trending_Baby_Girl_Names_2024/sophia.png,"Sophia — Girl Name Meaning, Popularity & Trends","Explore the name Sophia. See how popular it is, when it peaked, and what it means. Full popularity chart, decade rankings, and similar names on NameCharted. #babynames #girlnames #namemeaning",https://namecharted.com/name/sophia
Trending Baby Girl Names 2024,isabella,pinterest_queue/images/Trending_Baby_Girl_Names_2024/isabella.png,"Isabella — Girl Name Meaning, Popularity & Trends","Explore the name Isabella. See how popular it is, when it peaked, and what it means. Full popularity chart, decade rankings, and similar names on NameCharted. #babynames #girlnames #namemeaning",https://namecharted.com/name/isabella
Trending Baby Girl Names 2024,evelyn,pinterest_queue/images/Trending_Baby_Girl_Names_2024/evelyn.png,"Evelyn — Girl Name Meaning, Popularity & Trends","Explore the name Evelyn. See how popular it is, when it peaked, and what it means. Full popularity chart, decade rankings, and similar names on NameCharted. #babynames #girlnames #namemeaning",https://namecharted.com/name/evelyn
Trending Baby Girl Names 2024,ava,pinterest_queue/images/Trending_Baby_Girl_Names_2024/ava.png,"Ava — Girl Name Meaning, Popularity & Trends","Explore the name Ava. See how popular it is, when it peaked, and what it means. Origin: Latin origin; possibly from avis (bird) or a short form of Eva. Full popularity chart, decade rankings, and similar names on NameCharted. #babynames #girlnames #namemeaning",https://namecharted.com/name/ava
Trending Baby Girl Names 2024,sofia,pinterest_queue/images/Trending_Baby_Girl_Names_2024/sofia.png,"Sofia — Girl Name Meaning, Popularity & Trends","Explore the name Sofia. See how popular it is, when it peaked, and what it means. Full popularity chart, decade rankings, and similar names on NameCharted. #babynames #girlnames #namemeaning",https://namecharted.com/name/sofia
Trending Baby Girl Names 2024,camila,pinterest_queue/images/Trending_Baby_Girl_Names_2024/camila.png,"Camila — Girl Name Meaning, Popularity & Trends","Explore the name Camila. See how popular it is, when it peaked, and what it means. Origin: Latin Camilla — Roman name for a young attendant at a religious ritual. Full popularity chart, decade rankings, and similar names on NameCharted. #babynames #girlnames #namemeaning",https://namecharted.com/name/camila
Trending Baby Girl Names 2024,harper,pinterest_queue/images/Trending_Baby_Girl_Names_2024/harper.png,"Harper — Girl Name Meaning, Popularity & Trends","Explore the name Harper. See how popular it is, when it peaked, and what it means. Origin: English occupational surname, 'harp player'. Full popularity chart, decade rankings, and similar names on NameCharted. #babynames #girlnames #namemeaning",https://namecharted.com/name/harper
Trending Baby Girl Names 2024,luna,pinterest_queue/images/Trending_Baby_Girl_Names_2024/luna.png,"Luna — Girl Name Meaning, Popularity & Trends","Explore the name Luna. See how popular it is, when it peaked, and what it means. Origin: Latin — 'moon'. Full popularity chart, decade rankings, and similar names on NameCharted. #babynames #girlnames #namemeaning",https://namecharted.com/name/luna
Trending Baby Girl Names 2024,eleanor,pinterest_queue/images/Trending_Baby_Girl_Names_2024/eleanor.png,"Eleanor — Girl Name Meaning, Popularity & Trends","Explore the name Eleanor. See how popular it is, when it peaked, and what it means. Origin: Old Provençal Alienòr, possibly from Greek elea, 'mercy'. Full popularity chart, decade rankings, and similar names on NameCharted. #babynames #girlnames #namemeaning",https://namecharted.com/name/eleanor
Trending Baby Girl Names 2024,violet,pinterest_queue/images/Trending_Baby_Girl_Names_2024/violet.png,"Violet — Girl Name Meaning, Popularity & Trends","Explore the name Violet. See how popular it is, when it peaked, and what it means. Origin: Latin viola — the flower. Full popularity chart, decade rankings, and similar names on NameCharted. #babynames #girlnames #namemeaning",https://namecharted.com/name/violet
Trending Baby Girl Names 2024,aurora,pinterest_queue/images/Trending_Baby_Girl_Names_2024/aurora.png,"Aurora — Girl Name Meaning, Popularity & Trends","Explore the name Aurora. See how popular it is, when it peaked, and what it means. Origin: Latin, 'dawn' — Roman goddess of the morning. Full popularity chart, decade rankings, and similar names on NameCharted. #babynames #girlnames #namemeaning",https://namecharted.com/name/aurora
Trending Baby Girl Names 2024,elizabeth,pinterest_queue/images/Trending_Baby_Girl_Names_2024/elizabeth.png,"Elizabeth — Girl Name Meaning, Popularity & Trends","Explore the name Elizabeth. See how popular it is, when it peaked, and what it means. Full popularity chart, decade rankings, and similar names on NameCharted. #babynames #girlnames #namemeaning",https://namecharted.com/name/elizabeth
Trending Baby Girl Names 2024,eliana,pinterest_queue/images/Trending_Baby_Girl_Names_2024/eliana.png,"Eliana — Girl Name Meaning, Popularity & Trends","Explore the name Eliana. See how popular it is, when it peaked, and what it means. Origin: Hebrew, 'my God has answered'. Full popularity chart, decade rankings, and similar names on NameCharted. #babynames #girlnames #namemeaning",https://namecharted.com/name/eliana
Trending Baby Girl Names 2024,hazel,pinterest_queue/images/Trending_Baby_Girl_Names_2024/hazel.png,"Hazel — Girl Name Meaning, Popularity & Trends","Explore the name Hazel. See how popular it is, when it peaked, and what it means. Full popularity chart, decade rankings, and similar names on NameCharted. #babynames #girlnames #namemeaning",https://namecharted.com/name/hazel
Trending Baby Girl Names 2024,chloe,pinterest_queue/images/Trending_Baby_Girl_Names_2024/chloe.png,"Chloe — Girl Name Meaning, Popularity & Trends","Explore the name Chloe. See how popular it is, when it peaked, and what it means. Full popularity chart, decade rankings, and similar names on NameCharted. #babynames #girlnames #namemeaning",https://namecharted.com/name/chloe
Trending Baby Boy Names 2024,liam,pinterest_queue/images/Trending_Baby_Boy_Names_2024/liam.png,"Liam — Boy Name Meaning, Popularity & Trends","Explore the name Liam. See how popular it is, when it peaked, and what it means. Full popularity chart, decade rankings, and similar names on NameCharted. #babynames #boynames #namemeaning",https://namecharted.com/name/liam
Trending Baby Boy Names 2024,noah,pinterest_queue/images/Trending_Baby_Boy_Names_2024/noah.png,"Noah — Boy Name Meaning, Popularity & Trends","Explore the name Noah. See how popular it is, when it peaked, and what it means. Full popularity chart, decade rankings, and similar names on NameCharted. #babynames #boynames #namemeaning",https://namecharted.com/name/noah
Trending Baby Boy Names 2024,oliver,pinterest_queue/images/Trending_Baby_Boy_Names_2024/oliver.png,"Oliver — Boy Name Meaning, Popularity & Trends","Explore the name Oliver. See how popular it is, when it peaked, and what it means. Full popularity chart, decade rankings, and similar names on NameCharted. #babynames #boynames #namemeaning",https://namecharted.com/name/oliver
Trending Baby Boy Names 2024,theodore,pinterest_queue/images/Trending_Baby_Boy_Names_2024/theodore.png,"Theodore — Boy Name Meaning, Popularity & Trends","Explore the name Theodore. See how popular it is, when it peaked, and what it means. Origin: Greek Theodoros, 'gift of God'. Full popularity chart, decade rankings, and similar names on NameCharted. #babynames #boynames #namemeaning",https://namecharted.com/name/theodore
Trending Baby Boy Names 2024,james,pinterest_queue/images/Trending_Baby_Boy_Names_2024/james.png,"James — Boy Name Meaning, Popularity & Trends","Explore the name James. See how popular it is, when it peaked, and what it means. Full popularity chart, decade rankings, and similar names on NameCharted. #babynames #boynames #namemeaning",https://namecharted.com/name/james
Trending Baby Boy Names 2024,henry,pinterest_queue/images/Trending_Baby_Boy_Names_2024/henry.png,"Henry — Boy Name Meaning, Popularity & Trends","Explore the name Henry. See how popular it is, when it peaked, and what it means. Full popularity chart, decade rankings, and similar names on NameCharted. #babynames #boynames #namemeaning",https://namecharted.com/name/henry
Trending Baby Boy Names 2024,mateo,pinterest_queue/images/Trending_Baby_Boy_Names_2024/mateo.png,"Mateo — Boy Name Meaning, Popularity & Trends","Explore the name Mateo. See how popular it is, when it peaked, and what it means. Origin: Spanish form of Matthew — Hebrew, 'gift of God'. Full popularity chart, decade rankings, and similar names on NameCharted. #babynames #boynames #namemeaning",https://namecharted.com/name/mateo
Trending Baby Boy Names 2024,elijah,pinterest_queue/images/Trending_Baby_Boy_Names_2024/elijah.png,"Elijah — Boy Name Meaning, Popularity & Trends","Explore the name Elijah. See how popular it is, when it peaked, and what it means. Origin: Hebrew Eliyahu, 'my God is YHWH'. Full popularity chart, decade rankings, and similar names on NameCharted. #babynames #boynames #namemeaning",https://namecharted.com/name/elijah
Trending Baby Boy Names 2024,lucas,pinterest_queue/images/Trending_Baby_Boy_Names_2024/lucas.png,"Lucas — Boy Name Meaning, Popularity & Trends","Explore the name Lucas. See how popular it is, when it peaked, and what it means. Full popularity chart, decade rankings, and similar names on NameCharted. #babynames #boynames #namemeaning",https://namecharted.com/name/lucas
Trending Baby Boy Names 2024,william,pinterest_queue/images/Trending_Baby_Boy_Names_2024/william.png,"William — Boy Name Meaning, Popularity & Trends","Explore the name William. See how popular it is, when it peaked, and what it means. Full popularity chart, decade rankings, and similar names on NameCharted. #babynames #boynames #namemeaning",https://namecharted.com/name/william
Trending Baby Boy Names 2024,benjamin,pinterest_queue/images/Trending_Baby_Boy_Names_2024/benjamin.png,"Benjamin — Boy Name Meaning, Popularity & Trends","Explore the name Benjamin. See how popular it is, when it peaked, and what it means. Full popularity chart, decade rankings, and similar names on NameCharted. #babynames #boynames #namemeaning",https://namecharted.com/name/benjamin
Trending Baby Boy Names 2024,levi,pinterest_queue/images/Trending_Baby_Boy_Names_2024/levi.png,"Levi — Boy Name Meaning, Popularity & Trends","Explore the name Levi. See how popular it is, when it peaked, and what it means. Full popularity chart, decade rankings, and similar names on NameCharted. #babynames #boynames #namemeaning",https://namecharted.com/name/levi
Trending Baby Boy Names 2024,ezra,pinterest_queue/images/Trending_Baby_Boy_Names_2024/ezra.png,"Ezra — Boy Name Meaning, Popularity & Trends","Explore the name Ezra. See how popular it is, when it peaked, and what it means. Origin: Hebrew, 'help' or 'helper'. Full popularity chart, decade rankings, and similar names on NameCharted. #babynames #boynames #namemeaning",https://namecharted.com/name/ezra
Trending Baby Boy Names 2024,sebastian,pinterest_queue/images/Trending_Baby_Boy_Names_2024/sebastian.png,"Sebastian — Boy Name Meaning, Popularity & Trends","Explore the name Sebastian. See how popular it is, when it peaked, and what it means. Origin: Greek Sebastianos, 'from Sebaste' (venerable). Full popularity chart, decade rankings, and similar names on NameCharted. #babynames #boynames #namemeaning",https://namecharted.com/name/sebastian
Trending Baby Boy Names 2024,jack,pinterest_queue/images/Trending_Baby_Boy_Names_2024/jack.png,"Jack — Boy Name Meaning, Popularity & Trends","Explore the name Jack. See how popular it is, when it peaked, and what it means. Full popularity chart, decade rankings, and similar names on NameCharted. #babynames #boynames #namemeaning",https://namecharted.com/name/jack
Trending Baby Boy Names 2024,daniel,pinterest_queue/images/Trending_Baby_Boy_Names_2024/daniel.png,"Daniel — Boy Name Meaning, Popularity & Trends","Explore the name Daniel. See how popular it is, when it peaked, and what it means. Full popularity chart, decade rankings, and similar names on NameCharted. #babynames #boynames #namemeaning",https://namecharted.com/name/daniel
Trending Baby Boy Names 2024,samuel,pinterest_queue/images/Trending_Baby_Boy_Names_2024/samuel.png,"Samuel — Boy Name Meaning, Popularity & Trends","Explore the name Samuel. See how popular it is, when it peaked, and what it means. Full popularity chart, decade rankings, and similar names on NameCharted. #babynames #boynames #namemeaning",https://namecharted.com/name/samuel
Trending Baby Boy Names 2024,michael,pinterest_queue/images/Trending_Baby_Boy_Names_2024/michael.png,"Michael — Boy Name Meaning, Popularity & Trends","Explore the name Michael. See how popular it is, when it peaked, and what it means. Full popularity chart, decade rankings, and similar names on NameCharted. #babynames #boynames #namemeaning",https://namecharted.com/name/michael
Trending Baby Boy Names 2024,ethan,pinterest_queue/images/Trending_Baby_Boy_Names_2024/ethan.png,"Ethan — Boy Name Meaning, Popularity & Trends","Explore the name Ethan. See how popular it is, when it peaked, and what it means. Full popularity chart, decade rankings, and similar names on NameCharted. #babynames #boynames #namemeaning",https://namecharted.com/name/ethan
Trending Baby Boy Names 2024,asher,pinterest_queue/images/Trending_Baby_Boy_Names_2024/asher.png,"Asher — Boy Name Meaning, Popularity & Trends","Explore the name Asher. See how popular it is, when it peaked, and what it means. Origin: Hebrew, 'happy' or 'blessed'. Full popularity chart, decade rankings, and similar names on NameCharted. #babynames #boynames #namemeaning",https://namecharted.com/name/asher
Vintage Baby Girl Names,mary,pinterest_queue/images/Vintage_Baby_Girl_Names/mary.png,"Mary — Girl Name Meaning, Popularity & Trends","Explore the name Mary. See how popular it is, when it peaked, and what it means. Full popularity chart, decade rankings, and similar names on NameCharted. #babynames #girlnames #namemeaning",https://namecharted.com/name/mary
Vintage Baby Girl Names,dorothy,pinterest_queue/images/Vintage_Baby_Girl_Names/dorothy.png,"Dorothy — Girl Name Meaning, Popularity & Trends","Explore the name Dorothy. See how popular it is, when it peaked, and what it means. Full popularity chart, decade rankings, and similar names on NameCharted. #babynames #girlnames #namemeaning",https://namecharted.com/name/dorothy
Vintage Baby Girl Names,betty,pinterest_queue/images/Vintage_Baby_Girl_Names/betty.png,"Betty — Girl Name Meaning, Popularity & Trends","Explore the name Betty. See how popular it is, when it peaked, and what it means. Full popularity chart, decade rankings, and similar names on NameCharted. #babynames #girlnames #namemeaning",https://namecharted.com/name/betty
Vintage Baby Girl Names,helen,pinterest_queue/images/Vintage_Baby_Girl_Names/helen.png,"Helen — Girl Name Meaning, Popularity & Trends","Explore the name Helen. See how popular it is, when it peaked, and what it means. Full popularity chart, decade rankings, and similar names on NameCharted. #babynames #girlnames #namemeaning",https://namecharted.com/name/helen
Vintage Baby Girl Names,margaret,pinterest_queue/images/Vintage_Baby_Girl_Names/margaret.png,"Margaret — Girl Name Meaning, Popularity & Trends","Explore the name Margaret. See how popular it is, when it peaked, and what it means. Full popularity chart, decade rankings, and similar names on NameCharted. #babynames #girlnames #namemeaning",https://namecharted.com/name/margaret
Vintage Baby Girl Names,barbara,pinterest_queue/images/Vintage_Baby_Girl_Names/barbara.png,"Barbara — Girl Name Meaning, Popularity & Trends","Explore the name Barbara. See how popular it is, when it peaked, and what it means. Full popularity chart, decade rankings, and similar names on NameCharted. #babynames #girlnames #namemeaning",https://namecharted.com/name/barbara
Vintage Baby Girl Names,patricia,pinterest_queue/images/Vintage_Baby_Girl_Names/patricia.png,"Patricia — Girl Name Meaning, Popularity & Trends","Explore the name Patricia. See how popular it is, when it peaked, and what it means. Full popularity chart, decade rankings, and similar names on NameCharted. #babynames #girlnames #namemeaning",https://namecharted.com/name/patricia
Vintage Baby Girl Names,ruth,pinterest_queue/images/Vintage_Baby_Girl_Names/ruth.png,"Ruth — Girl Name Meaning, Popularity & Trends","Explore the name Ruth. See how popular it is, when it peaked, and what it means. Full popularity chart, decade rankings, and similar names on NameCharted. #babynames #girlnames #namemeaning",https://namecharted.com/name/ruth
Vintage Baby Girl Names,virginia,pinterest_queue/images/Vintage_Baby_Girl_Names/virginia.png,"Virginia — Girl Name Meaning, Popularity & Trends","Explore the name Virginia. See how popular it is, when it peaked, and what it means. Full popularity chart, decade rankings, and similar names on NameCharted. #babynames #girlnames #namemeaning",https://namecharted.com/name/virginia
Vintage Baby Girl Names,shirley,pinterest_queue/images/Vintage_Baby_Girl_Names/shirley.png,"Shirley — Girl Name Meaning, Popularity & Trends","Explore the name Shirley. See how popular it is, when it peaked, and what it means. Full popularity chart, decade rankings, and similar names on NameCharted. #babynames #girlnames #namemeaning",https://namecharted.com/name/shirley
Vintage Baby Girl Names,frances,pinterest_queue/images/Vintage_Baby_Girl_Names/frances.png,"Frances — Girl Name Meaning, Popularity & Trends","Explore the name Frances. See how popular it is, when it peaked, and what it means. Full popularity chart, decade rankings, and similar names on NameCharted. #babynames #girlnames #namemeaning",https://namecharted.com/name/frances
Vintage Baby Girl Names,doris,pinterest_queue/images/Vintage_Baby_Girl_Names/doris.png,"Doris — Girl Name Meaning, Popularity & Trends","Explore the name Doris. See how popular it is, when it peaked, and what it means. Full popularity chart, decade rankings, and similar names on NameCharted. #babynames #girlnames #namemeaning",https://namecharted.com/name/doris
Vintage Baby Girl Names,nancy,pinterest_queue/images/Vintage_Baby_Girl_Names/nancy.png,"Nancy — Girl Name Meaning, Popularity & Trends","Explore the name Nancy. See how popular it is, when it peaked, and what it means. Full popularity chart, decade rankings, and similar names on NameCharted. #babynames #girlnames #namemeaning",https://namecharted.com/name/nancy
Vintage Baby Girl Names,mildred,pinterest_queue/images/Vintage_Baby_Girl_Names/mildred.png,"Mildred — Girl Name Meaning, Popularity & Trends","Explore the name Mildred. See how popular it is, when it peaked, and what it means. Full popularity chart, decade rankings, and similar names on NameCharted. #babynames #girlnames #namemeaning",https://namecharted.com/name/mildred
Vintage Baby Girl Names,joan,pinterest_queue/images/Vintage_Baby_Girl_Names/joan.png,"Joan — Girl Name Meaning, Popularity & Trends","Explore the name Joan. See how popular it is, when it peaked, and what it means. Full popularity chart, decade rankings, and similar names on NameCharted. #babynames #girlnames #namemeaning",https://namecharted.com/name/joan
Vintage Baby Girl Names,alice,pinterest_queue/images/Vintage_Baby_Girl_Names/alice.png,"Alice — Girl Name Meaning, Popularity & Trends","Explore the name Alice. See how popular it is, when it peaked, and what it means. Origin: Old French Aalis, from Germanic Adalheidis, 'noble kind'. Full popularity chart, decade rankings, and similar names on NameCharted. #babynames #girlnames #namemeaning",https://namecharted.com/name/alice
Vintage Baby Girl Names,anna,pinterest_queue/images/Vintage_Baby_Girl_Names/anna.png,"Anna — Girl Name Meaning, Popularity & Trends","Explore the name Anna. See how popular it is, when it peaked, and what it means. Full popularity chart, decade rankings, and similar names on NameCharted. #babynames #girlnames #namemeaning",https://namecharted.com/name/anna
Vintage Baby Girl Names,jean,pinterest_queue/images/Vintage_Baby_Girl_Names/jean.png,"Jean — Girl Name Meaning, Popularity & Trends","Explore the name Jean. See how popular it is, when it peaked, and what it means. Full popularity chart, decade rankings, and similar names on NameCharted. #babynames #girlnames #namemeaning",https://namecharted.com/name/jean
Vintage Baby Girl Names,carol,pinterest_queue/images/Vintage_Baby_Girl_Names/carol.png,"Carol — Girl Name Meaning, Popularity & Trends","Explore the name Carol. See how popular it is, when it peaked, and what it means. Full popularity chart, decade rankings, and similar names on NameCharted. #babynames #girlnames #namemeaning",https://namecharted.com/name/carol
Vintage Baby Girl Names,marie,pinterest_queue/images/Vintage_Baby_Girl_Names/marie.png,"Marie — Girl Name Meaning, Popularity & Trends","Explore the name Marie. See how popular it is, when it peaked, and what it means. Full popularity chart, decade rankings, and similar names on NameCharted. #babynames #girlnames #namemeaning",https://namecharted.com/name/marie
Vintage Baby Boy Names,robert,pinterest_queue/images/Vintage_Baby_Boy_Names/robert.png,"Robert — Boy Name Meaning, Popularity & Trends","Explore the name Robert. See how popular it is, when it peaked, and what it means. Full popularity chart, decade rankings, and similar names on NameCharted. #babynames #boynames #namemeaning",https://namecharted.com/name/robert
Vintage Baby Boy Names,john,pinterest_queue/images/Vintage_Baby_Boy_Names/john.png,"John — Boy Name Meaning, Popularity & Trends","Explore the name John. See how popular it is, when it peaked, and what it means. Full popularity chart, decade rankings, and similar names on NameCharted. #babynames #boynames #namemeaning",https://namecharted.com/name/john
Vintage Baby Boy Names,charles,pinterest_queue/images/Vintage_Baby_Boy_Names/charles.png,"Charles — Boy Name Meaning, Popularity & Trends","Explore the name Charles. See how popular it is, when it peaked, and what it means. Full popularity chart, decade rankings, and similar names on NameCharted. #babynames #boynames #namemeaning",https://namecharted.com/name/charles
Vintage Baby Boy Names,richard,pinterest_queue/images/Vintage_Baby_Boy_Names/richard.png,"Richard — Boy Name Meaning, Popularity & Trends","Explore the name Richard. See how popular it is, when it peaked, and what it means. Full popularity chart, decade rankings, and similar names on NameCharted. #babynames #boynames #namemeaning",https://namecharted.com/name/richard
Vintage Baby Boy Names,george,pinterest_queue/images/Vintage_Baby_Boy_Names/george.png,"George — Boy Name Meaning, Popularity & Trends","Explore the name George. See how popular it is, when it peaked, and what it means. Full popularity chart, decade rankings, and similar names on NameCharted. #babynames #boynames #namemeaning",https://namecharted.com/name/george
Vintage Baby Boy Names,joseph,pinterest_queue/images/Vintage_Baby_Boy_Names/joseph.png,"Joseph — Boy Name Meaning, Popularity & Trends","Explore the name Joseph. See how popular it is, when it peaked, and what it means. Full popularity chart, decade rankings, and similar names on NameCharted. #babynames #boynames #namemeaning",https://namecharted.com/name/joseph
Vintage Baby Boy Names,donald,pinterest_queue/images/Vintage_Baby_Boy_Names/donald.png,"Donald — Boy Name Meaning, Popularity & Trends","Explore the name Donald. See how popular it is, when it peaked, and what it means. Full popularity chart, decade rankings, and similar names on NameCharted. #babynames #boynames #namemeaning",https://namecharted.com/name/donald
Vintage Baby Boy Names,thomas,pinterest_queue/images/Vintage_Baby_Boy_Names/thomas.png,"Thomas — Boy Name Meaning, Popularity & Trends","Explore the name Thomas. See how popular it is, when it peaked, and what it means. Full popularity chart, decade rankings, and similar names on NameCharted. #babynames #boynames #namemeaning",https://namecharted.com/name/thomas
Vintage Baby Boy Names,edward,pinterest_queue/images/Vintage_Baby_Boy_Names/edward.png,"Edward — Boy Name Meaning, Popularity & Trends","Explore the name Edward. See how popular it is, when it peaked, and what it means. Full popularity chart, decade rankings, and similar names on NameCharted. #babynames #boynames #namemeaning",https://namecharted.com/name/edward
Vintage Baby Boy Names,david,pinterest_queue/images/Vintage_Baby_Boy_Names/david.png,"David — Boy Name Meaning, Popularity & Trends","Explore the name David. See how popular it is, when it peaked, and what it means. Full popularity chart, decade rankings, and similar names on NameCharted. #babynames #boynames #namemeaning",https://namecharted.com/name/david
Vintage Baby Boy Names,paul,pinterest_queue/images/Vintage_Baby_Boy_Names/paul.png,"Paul — Boy Name Meaning, Popularity & Trends","Explore the name Paul. See how popular it is, when it peaked, and what it means. Origin: Latin Paulus — 'small' or 'humble'. Full popularity chart, decade rankings, and similar names on NameCharted. #babynames #boynames #namemeaning",https://namecharted.com/name/paul
Vintage Baby Boy Names,frank,pinterest_queue/images/Vintage_Baby_Boy_Names/frank.png,"Frank — Boy Name Meaning, Popularity & Trends","Explore the name Frank. See how popular it is, when it peaked, and what it means. Full popularity chart, decade rankings, and similar names on NameCharted. #babynames #boynames #namemeaning",https://namecharted.com/name/frank
Vintage Baby Boy Names,kenneth,pinterest_queue/images/Vintage_Baby_Boy_Names/kenneth.png,"Kenneth — Boy Name Meaning, Popularity & Trends","Explore the name Kenneth. See how popular it is, when it peaked, and what it means. Origin: Scottish Gaelic Cinaed — 'born of fire'. Full popularity chart, decade rankings, and similar names on NameCharted. #babynames #boynames #namemeaning",https://namecharted.com/name/kenneth
Vintage Baby Boy Names,raymond,pinterest_queue/images/Vintage_Baby_Boy_Names/raymond.png,"Raymond — Boy Name Meaning, Popularity & Trends","Explore the name Raymond. See how popular it is, when it peaked, and what it means. Origin: Germanic — 'wise protector'. Full popularity chart, decade rankings, and similar names on NameCharted. #babynames #boynames #namemeaning",https://namecharted.com/name/raymond
Vintage Baby Boy Names,harold,pinterest_queue/images/Vintage_Baby_Boy_Names/harold.png,"Harold — Boy Name Meaning, Popularity & Trends","Explore the name Harold. See how popular it is, when it peaked, and what it means. Full popularity chart, decade rankings, and similar names on NameCharted. #babynames #boynames #namemeaning",https://namecharted.com/name/harold
Vintage Baby Boy Names,walter,pinterest_queue/images/Vintage_Baby_Boy_Names/walter.png,"Walter — Boy Name Meaning, Popularity & Trends","Explore the name Walter. See how popular it is, when it peaked, and what it means. Full popularity chart, decade rankings, and similar names on NameCharted. #babynames #boynames #namemeaning",https://namecharted.com/name/walter
Vintage Baby Boy Names,ronald,pinterest_queue/images/Vintage_Baby_Boy_Names/ronald.png,"Ronald — Boy Name Meaning, Popularity & Trends","Explore the name Ronald. See how popular it is, when it peaked, and what it means. Full popularity chart, decade rankings, and similar names on NameCharted. #babynames #boynames #namemeaning",https://namecharted.com/name/ronald
Vintage Baby Boy Names,arthur,pinterest_queue/images/Vintage_Baby_Boy_Names/arthur.png,"Arthur — Boy Name Meaning, Popularity & Trends","Explore the name Arthur. See how popular it is, when it peaked, and what it means. Origin: Celtic Artorius, possibly 'bear' (Welsh arth). Full popularity chart, decade rankings, and similar names on NameCharted. #babynames #boynames #namemeaning",https://namecharted.com/name/arthur
Vintage Baby Boy Names,albert,pinterest_queue/images/Vintage_Baby_Boy_Names/albert.png,"Albert — Boy Name Meaning, Popularity & Trends","Explore the name Albert. See how popular it is, when it peaked, and what it means. Full popularity chart, decade rankings, and similar names on NameCharted. #babynames #boynames #namemeaning",https://namecharted.com/name/albert
Vintage Baby Boy Names,ralph,pinterest_queue/images/Vintage_Baby_Boy_Names/ralph.png,"Ralph — Boy Name Meaning, Popularity & Trends","Explore the name Ralph. See how popular it is, when it peaked, and what it means. Full popularity chart, decade rankings, and similar names on NameCharted. #babynames #boynames #namemeaning",https://namecharted.com/name/ralph
Unique Baby Names,audrey,pinterest_queue/images/Unique_Baby_Names/audrey.png,"Audrey — Girl Name Meaning, Popularity & Trends","Explore the name Audrey. See how popular it is, when it peaked, and what it means. Origin: Old English Æthelthryth, 'noble strength'. Full popularity chart, decade rankings, and similar names on NameCharted. #babynames #girlnames #namemeaning",https://namecharted.com/name/audrey
Unique Baby Names,milo,pinterest_queue/images/Unique_Baby_Names/milo.png,"Milo — Boy Name Meaning, Popularity & Trends","Explore the name Milo. See how popular it is, when it peaked, and what it means. Origin: Germanic Milo, possibly 'merciful' or 'gracious'. Full popularity chart, decade rankings, and similar names on NameCharted. #babynames #boynames #namemeaning",https://namecharted.com/name/milo
Unique Baby Names,harrison,pinterest_queue/images/Unique_Baby_Names/harrison.png,"Harrison — Boy Name Meaning, Popularity & Trends","Explore the name Harrison. See how popular it is, when it peaked, and what it means. Origin: English surname, 'son of Harry' (Henry). Full popularity chart, decade rankings, and similar names on NameCharted. #babynames #boynames #namemeaning",https://namecharted.com/name/harrison
Unique Baby Names,giovanni,pinterest_queue/images/Unique_Baby_Names/giovanni.png,"Giovanni — Boy Name Meaning, Popularity & Trends","Explore the name Giovanni. See how popular it is, when it peaked, and what it means. Origin: Italian form of John — Hebrew, 'YHWH is gracious'. Full popularity chart, decade rankings, and similar names on NameCharted. #babynames #boynames #namemeaning",https://namecharted.com/name/giovanni
Unique Baby Names,lyla,pinterest_queue/images/Unique_Baby_Names/lyla.png,"Lyla — Girl Name Meaning, Popularity & Trends","Explore the name Lyla. See how popular it is, when it peaked, and what it means. Origin: Arabic Layla, 'night'. Full popularity chart, decade rankings, and similar names on NameCharted. #babynames #girlnames #namemeaning",https://namecharted.com/name/lyla
Unique Baby Names,jade,pinterest_queue/images/Unique_Baby_Names/jade.png,"Jade — Girl Name Meaning, Popularity & Trends","Explore the name Jade. See how popular it is, when it peaked, and what it means. Full popularity chart, decade rankings, and similar names on NameCharted. #babynames #girlnames #namemeaning",https://namecharted.com/name/jade
Unique Baby Names,kinsley,pinterest_queue/images/Unique_Baby_Names/kinsley.png,"Kinsley — Girl Name Meaning, Popularity & Trends","Explore the name Kinsley. See how popular it is, when it peaked, and what it means. Origin: English place name, 'king's meadow'. Full popularity chart, decade rankings, and similar names on NameCharted. #babynames #girlnames #namemeaning",https://namecharted.com/name/kinsley
Unique Baby Names,millie,pinterest_queue/images/Unique_Baby_Names/millie.png,"Millie — Girl Name Meaning, Popularity & Trends","Explore the name Millie. See how popular it is, when it peaked, and what it means. Full popularity chart, decade rankings, and similar names on NameCharted. #babynames #girlnames #namemeaning",https://namecharted.com/name/millie
Unique Baby Names,madeline,pinterest_queue/images/Unique_Baby_Names/madeline.png,"Madeline — Girl Name Meaning, Popularity & Trends","Explore the name Madeline. See how popular it is, when it peaked, and what it means. Full popularity chart, decade rankings, and similar names on NameCharted. #babynames #girlnames #namemeaning",https://namecharted.com/name/madeline
Unique Baby Names,josie,pinterest_queue/images/Unique_Baby_Names/josie.png,"Josie — Girl Name Meaning, Popularity & Trends","Explore the name Josie. See how popular it is, when it peaked, and what it means. Full popularity chart, decade rankings, and similar names on NameCharted. #babynames #girlnames #namemeaning",https://namecharted.com/name/josie
Unique Baby Names,carson,pinterest_queue/images/Unique_Baby_Names/carson.png,"Carson — Boy Name Meaning, Popularity & Trends","Explore the name Carson. See how popular it is, when it peaked, and what it means. Full popularity chart, decade rankings, and similar names on NameCharted. #babynames #boynames #namemeaning",https://namecharted.com/name/carson
Unique Baby Names,kayden,pinterest_queue/images/Unique_Baby_Names/kayden.png,"Kayden — Boy Name Meaning, Popularity & Trends","Explore the name Kayden. See how popular it is, when it peaked, and what it means. Origin: Modern American spelling of Caden — possibly Welsh, 'spirit of battle'. Full popularity chart, decade rankings, and similar names on NameCharted. #babynames #boynames #namemeaning",https://namecharted.com/name/kayden
Unique Baby Names,kennedy,pinterest_queue/images/Unique_Baby_Names/kennedy.png,"Kennedy — Girl Name Meaning, Popularity & Trends","Explore the name Kennedy. See how popular it is, when it peaked, and what it means. Origin: Irish Ó Cinnéide, 'helmeted head' or 'ugly head'. Full popularity chart, decade rankings, and similar names on NameCharted. #babynames #girlnames #namemeaning",https://namecharted.com/name/kennedy
Unique Baby Names,jonah,pinterest_queue/images/Unique_Baby_Names/jonah.png,"Jonah — Boy Name Meaning, Popularity & Trends","Explore the name Jonah. See how popular it is, when it peaked, and what it means. Full popularity chart, decade rankings, and similar names on NameCharted. #babynames #boynames #namemeaning",https://namecharted.com/name/jonah
Unique Baby Names,greyson,pinterest_queue/images/Unique_Baby_Names/greyson.png,"Greyson — Boy Name Meaning, Popularity & Trends","Explore the name Greyson. See how popular it is, when it peaked, and what it means. Origin: English surname, 'son of the grey-haired one'. Full popularity chart, decade rankings, and similar names on NameCharted. #babynames #boynames #namemeaning",https://namecharted.com/name/greyson
Unique Baby Names,hunter,pinterest_queue/images/Unique_Baby_Names/hunter.png,"Hunter — Boy Name Meaning, Popularity & Trends","Explore the name Hunter. See how popular it is, when it peaked, and what it means. Origin: English occupational surname, 'one who hunts'. Full popularity chart, decade rankings, and similar names on NameCharted. #babynames #boynames #namemeaning",https://namecharted.com/name/hunter
Unique Baby Names,graham,pinterest_queue/images/Unique_Baby_Names/graham.png,"Graham — Boy Name Meaning, Popularity & Trends","Explore the name Graham. See how popular it is, when it peaked, and what it means. Origin: Scottish surname, 'gravelly homestead'. Full popularity chart, decade rankings, and similar names on NameCharted. #babynames #boynames #namemeaning",https://namecharted.com/name/graham
Unique Baby Names,athena,pinterest_queue/images/Unique_Baby_Names/athena.png,"Athena — Girl Name Meaning, Popularity & Trends","Explore the name Athena. See how popular it is, when it peaked, and what it means. Full popularity chart, decade rankings, and similar names on NameCharted. #babynames #girlnames #namemeaning",https://namecharted.com/name/athena
Unique Baby Names,luis,pinterest_queue/images/Unique_Baby_Names/luis.png,"Luis — Boy Name Meaning, Popularity & Trends","Explore the name Luis. See how popular it is, when it peaked, and what it means. Origin: Spanish form of Louis — Germanic, 'famous warrior'. Full popularity chart, decade rankings, and similar names on NameCharted. #babynames #boynames #namemeaning",https://namecharted.com/name/luis
Unique Baby Names,melody,pinterest_queue/images/Unique_Baby_Names/melody.png,"Melody — Girl Name Meaning, Popularity & Trends","Explore the name Melody. See how popular it is, when it peaked, and what it means. Full popularity chart, decade rankings, and similar names on NameCharted. #babynames #girlnames #namemeaning",https://namecharted.com/name/melody
